{
  "cameras": [
    {
      "image": "images/view_000.png",
      "R": [
        [
          0.9465336203575134,
          0.052710823714733124,
          0.318269819021225
        ],
        [
          -0.04857029393315315,
          0.9986003041267395,
          -0.02093704231083393
        ],
        [
          -0.31892794370651245,
          0.004359157290309668,
          0.9477689266204834
        ]
      ],
      "t": [
        -0.05865062400698662,
        0.2928524315357208,
        1.435531735420227
      ],
      "fx": 151.41082198414813,
      "fy": 151.41082198414813,
      "cx": 72.0,
      "cy": 54.0703125,
      "width": 144,
      "height": 108
    },
    {
      "image": "images/view_001.png",
      "R": [
        [
          0.9996730089187622,
          0.017334433272480965,
          0.018799973651766777
        ],
        [
          -0.016388997435569763,
          0.9986481666564941,
          -0.04932776093482971
        ],
        [
          -0.019629627466201782,
          0.049003515392541885,
          0.9986056685447693
        ]
      ],
      "t": [
        3.26546573638916,
        0.25954335927963257,
        1.8273427486419678
      ],
      "fx": 151.66306813940474,
      "fy": 151.66306813940474,
      "cx": 72.0,
      "cy": 54.0703125,
      "width": 144,
      "height": 108
    },
    {
      "image": "images/view_002.png",
      "R": [
        [
          0.9956167340278625,
          -0.000426259299274534,
          -0.09352612495422363
        ],
        [
          -0.0005857458454556763,
          0.9999415874481201,
          -0.010792842134833336
        ],
        [
          0.09352526068687439,
          0.0108003169298172,
          0.9955583214759827
        ]
      ],
      "t": [
        4.542665958404541,
        0.2759234607219696,
        1.7908073663711548
      ],
      "fx": 151.25677058369533,
      "fy": 151.25677058369533,
      "cx": 72.0,
      "cy": 54.0703125,
      "width": 144,
      "height": 108
    },
    {
      "image": "images/view_003.png",
      "R": [
        [
          0.971079409122467,
          0.03843974694609642,
          0.2356419712305069
        ],
        [
          -0.03156111016869545,
          0.9989603757858276,
          -0.032894983887672424
        ],
        [
          -0.23666146397590637,
          0.024506522342562675,
          0.9712830781936646
        ]
      ],
      "t": [
        1.215745210647583,
        0.29891538619995117,
        1.5186301469802856
      ],
      "fx": 151.66648985935626,
      "fy": 151.66648985935626,
      "cx": 72.0,
      "cy": 54.0703125,
      "width": 144,
      "height": 108
    },
    {
      "image": "images/view_004.png",
      "R": [
        [
          0.8300843834877014,
          0.07814109325408936,
          0.552135705947876
        ],
        [
          -0.10429807007312775,
          0.9944162964820862,
          0.01606747880578041
        ],
        [
          -0.5477972626686096,
          -0.0709240585565567,
          0.8335993885993958
        ]
      ],
      "t": [
        -2.461956262588501,
        0.05430766940116882,
        0.5824322700500488
      ],
      "fx": 151.52460035863223,
      "fy": 151.52460035863223,
      "cx": 72.0,
      "cy": 54.0703125,
      "width": 144,
      "height": 108
    },
    {
      "image": "images/view_005.png",
      "R": [
        [
          0.9106233716011047,
          0.06079263240098953,
          0.40874117612838745
        ],
        [
          -0.05617910623550415,
          0.9981488585472107,
          -0.023296141996979713
        ],
        [
          -0.4094007909297943,
          -0.0017487041186541319,
          0.912352979183197
        ]
      ],
      "t": [
        -1.2420828342437744,
        0.19536219537258148,
        1.1633580923080444
      ],
      "fx": 151.42406405277234,
      "fy": 151.42406405277234,
      "cx": 72.0,
      "cy": 54.0703125,
      "width": 144,
      "height": 108
    },
    {
      "image": "images/view_006.png",
      "R": [
        [
          0.9945457577705383,
          0.022851809859275818,
          0.10176726430654526
        ],
        [
          -0.021544231101870537,
          0.9996708631515503,
          -0.013929476961493492
        ],
        [
          -0.10205208510160446,
          0.011661004275083542,
          0.9947106838226318
        ]
      ],
      "t": [
        2.5138962268829346,
        0.3246878981590271,
        1.5560284852981567
      ],
      "fx": 151.2710653703048,
      "fy": 151.2710653703048,
      "cx": 72.0,
      "cy": 54.0703125,
      "width": 144,
      "height": 108
    },
    {
      "image": "images/view_007.png",
      "R": [
        [
          0.6423392295837402,
          0.18768775463104248,
          0.7430838942527771
        ],
        [
          -0.10664878785610199,
          0.9820072650909424,
          -0.15584518015384674
        ],
        [
          -0.7589640021324158,
          0.020856481045484543,
          0.6507984399795532
        ]
      ],
      "t": [
        -6.51288366317749,
        0.0958162173628807,
        -0.9434545040130615
      ],
      "fx": 150.16552767709896,
      "fy": 150.16552767709896,
      "cx": 72.0,
      "cy": 54.0703125,
      "width": 144,
      "height": 108
    },
    {
      "image": "images/view_008.png",
      "R": [
        [
          0.780485987663269,
          0.10463029146194458,
          0.6163555383682251
        ],
        [
          -0.12031395733356476,
          0.9926045536994934,
          -0.016148380935192108
        ],
        [
          -0.6134868860244751,
          -0.061552587896585464,
          0.7873024344444275
        ]
      ],
      "t": [
        -3.9521987438201904,
        -0.11331357806921005,
        -0.00391573179513216
      ],
      "fx": 151.08029496278854,
      "fy": 151.08029496278854,
      "cx": 72.0,
      "cy": 54.0703125,
      "width": 144,
      "height": 108
    },
    {
      "image": "images/view_009.png",
      "R": [
        [
          0.9758116006851196,
          -0.041300904005765915,
          -0.2146763801574707
        ],
        [
          0.04372549057006836,
          0.9990220665931702,
          0.006555555388331413
        ],
        [
          0.21419568359851837,
          -0.01578381657600403,
          0.9766632318496704
        ]
      ],
      "t": [
        6.437344074249268,
        0.3359515964984894,
        1.7795614004135132
      ],
      "fx": 151.5006075191675,
      "fy": 151.5006075191675,
      "cx": 72.0,
      "cy": 54.0703125,
      "width": 144,
      "height": 108
    },
    {
      "image": "images/view_010.png",
      "R": [
        [
          0.6777378916740417,
          0.10832709074020386,
          0.7272802591323853
        ],
        [
          -0.13034729659557343,
          0.9911232590675354,
          -0.026158012449741364
        ],
        [
          -0.72365802526474,
          -0.07707073539495468,
          0.685841977596283
        ]
      ],
      "t": [
        -5.285858631134033,
        -0.2551310360431671,
        -0.0017521140398457646
      ],
      "fx": 151.14484351068202,
      "fy": 151.14484351068202,
      "cx": 72.0,
      "cy": 54.0703125,
      "width": 144,
      "height": 108
    }
  ],
  "meta": {
    "source": "colmap",
    "images": "data/sceaux_small/images"
  }
}