{
  "cameras": [
    {
      "image": "images/view_000.png",
      "R": [
        [
          -0.0,
          -0.0,
          -1.0
        ],
        [
          -0.1961161345243454,
          -0.9805806875228882,
          0.0
        ],
        [
          -0.9805806875228882,
          0.1961161345243454,
          0.0
        ]
      ],
      "t": [
        0.0,
        -2.7755575615628914e-17,
        3.0594117641448975
      ],
      "fx": 115.88225099390857,
      "fy": 115.88225099390857,
      "cx": 48.0,
      "cy": 48.0,
      "width": 96,
      "height": 96
    },
    {
      "image": "images/view_001.png",
      "R": [
        [
          0.258819043636322,
          0.0,
          -0.9659258127212524
        ],
        [
          -0.18943363428115845,
          -0.9805806875228882,
          -0.050758589059114456
        ],
        [
          -0.9471681714057922,
          0.1961161345243454,
          -0.253792941570282
        ]
      ],
      "t": [
        -1.327117722170441e-16,
        -2.0474546575479952e-17,
        3.0594117641448975
      ],
      "fx": 115.88225099390857,
      "fy": 115.88225099390857,
      "cx": 48.0,
      "cy": 48.0,
      "width": 96,
      "height": 96
    },
    {
      "image": "images/view_002.png",
      "R": [
        [
          0.5,
          0.0,
          -0.8660253882408142
        ],
        [
          -0.16984155774116516,
          -0.9805806875228882,
          -0.0980580672621727
        ],
        [
          -0.8492077589035034,
          0.1961161345243454,
          -0.4902903437614441
        ]
      ],
      "t": [
        -8.127396934190769e-17,
        1.2921204714594859e-17,
        3.0594117641448975
      ],
      "fx": 115.88225099390857,
      "fy": 115.88225099390857,
      "cx": 48.0,
      "cy": 48.0,
      "width": 96,
      "height": 96
    },
    {
      "image": "images/view_003.png",
      "R": [
        [
          0.7071067690849304,
          0.0,
          -0.7071067690849304
        ],
        [
          -0.1386750489473343,
          -0.9805806875228882,
          -0.1386750489473343
        ],
        [
          -0.6933752298355103,
          0.1961161345243454,
          -0.6933752298355103
        ]
      ],
      "t": [
        -3.043960795851853e-17,
        7.94833615437468e-17,
        3.0594117641448975
      ],
      "fx": 115.88225099390857,
      "fy": 115.88225099390857,
      "cx": 48.0,
      "cy": 48.0,
      "width": 96,
      "height": 96
    },
    {
      "image": "images/view_004.png",
      "R": [
        [
          0.8660253882408142,
          0.0,
          -0.5
        ],
        [
          -0.0980580672621727,
          -0.9805806875228882,
          -0.16984155774116516
        ],
        [
          -0.4902903437614441,
          0.1961161345243454,
          -0.8492077589035034
        ]
      ],
      "t": [
        6.639979947288126e-17,
        5.564070756751833e-17,
        3.0594117641448975
      ],
      "fx": 115.88225099390857,
      "fy": 115.88225099390857,
      "cx": 48.0,
      "cy": 48.0,
      "width": 96,
      "height": 96
    },
    {
      "image": "images/view_005.png",
      "R": [
        [
          0.9659258127212524,
          0.0,
          -0.258819043636322
        ],
        [
          -0.050758589059114456,
          -0.9805806875228882,
          -0.18943363428115845
        ],
        [
          -0.253792941570282,
          0.1961161345243454,
          -0.9471681714057922
        ]
      ],
      "t": [
        9.324926821062979e-17,
        -2.057491501664591e-17,
        3.0594117641448975
      ],
      "fx": 115.88225099390857,
      "fy": 115.88225099390857,
      "cx": 48.0,
      "cy": 48.0,
      "width": 96,
      "height": 96
    },
    {
      "image": "images/view_006.png",
      "R": [
        [
          1.0,
          0.0,
          -6.123234262925839e-17
        ],
        [
          -1.200864996383962e-17,
          -0.9805806875228882,
          -0.1961161345243454
        ],
        [
          -6.004324733765626e-17,
          0.1961161345243454,
          -0.9805806875228882
        ]
      ],
      "t": [
        1.232595164407831e-32,
        -2.7755575615628914e-17,
        3.0594117641448975
      ],
      "fx": 115.88225099390857,
      "fy": 115.88225099390857,
      "cx": 48.0,
      "cy": 48.0,
      "width": 96,
      "height": 96
    },
    {
      "image": "images/view_007.png",
      "R": [
        [
          0.9659258127212524,
          0.0,
          0.258819043636322
        ],
        [
          0.050758589059114456,
          -0.9805806875228882,
          -0.18943363428115845
        ],
        [
          0.253792941570282,
          0.1961161345243454,
          -0.9471681714057922
        ]
      ],
      "t": [
        -1.0459825238930633e-16,
        -2.057491501664591e-17,
        3.0594117641448975
      ],
      "fx": 115.88225099390857,
      "fy": 115.88225099390857,
      "cx": 48.0,
      "cy": 48.0,
      "width": 96,
      "height": 96
    },
    {
      "image": "images/view_008.png",
      "R": [
        [
          0.8660253882408142,
          0.0,
          0.5
        ],
        [
          0.0980580672621727,
          -0.9805806875228882,
          -0.16984155774116516
        ],
        [
          0.4902903437614441,
          0.1961161345243454,
          -0.8492077589035034
        ]
      ],
      "t": [
        -1.1422605734735601e-17,
        3.3329459381423586e-17,
        3.0594117641448975
      ],
      "fx": 115.88225099390857,
      "fy": 115.88225099390857,
      "cx": 48.0,
      "cy": 48.0,
      "width": 96,
      "height": 96
    },
    {
      "image": "images/view_009.png",
      "R": [
        [
          0.7071067690849304,
          0.0,
          0.7071067690849304
        ],
        [
          0.1386750489473343,
          -0.9805806875228882,
          -0.1386750489473343
        ],
        [
          0.6933752298355103,
          0.1961161345243454,
          -0.6933752298355103
        ]
      ],
      "t": [
        -4.806501363212083e-17,
        3.341246861025451e-17,
        3.0594117641448975
      ],
      "fx": 115.88225099390857,
      "fy": 115.88225099390857,
      "cx": 48.0,
      "cy": 48.0,
      "width": 96,
      "height": 96
    },
    {
      "image": "images/view_010.png",
      "R": [
        [
          0.5,
          0.0,
          0.8660253882408142
        ],
        [
          0.16984155774116516,
          -0.9805806875228882,
          -0.0980580672621727
        ],
        [
          0.8492077589035034,
          0.1961161345243454,
          -0.4902903437614441
        ]
      ],
      "t": [
        8.127396934190769e-17,
        1.2921204714594859e-17,
        3.0594117641448975
      ],
      "fx": 115.88225099390857,
      "fy": 115.88225099390857,
      "cx": 48.0,
      "cy": 48.0,
      "width": 96,
      "height": 96
    },
    {
      "image": "images/view_011.png",
      "R": [
        [
          0.258819043636322,
          0.0,
          0.9659258127212524
        ],
        [
          0.18943363428115845,
          -0.9805806875228882,
          -0.050758589059114456
        ],
        [
          0.9471681714057922,
          0.1961161345243454,
          -0.253792941570282
        ]
      ],
      "t": [
        2.7135176921324342e-17,
        -1.5556559132796952e-17,
        3.0594117641448975
      ],
      "fx": 115.88225099390857,
      "fy": 115.88225099390857,
      "cx": 48.0,
      "cy": 48.0,
      "width": 96,
      "height": 96
    },
    {
      "image": "images/view_012.png",
      "R": [
        [
          1.2246468525851679e-16,
          0.0,
          1.0
        ],
        [
          0.1961161345243454,
          -0.9805806875228882,
          -2.401729992767924e-17
        ],
        [
          0.9805806875228882,
          0.1961161345243454,
          -1.2008649467531253e-16
        ]
      ],